test_name,simulation_id,ticks,success
Two Agent Resource (PS1),test-389b31,10,True
Two Agent Resource (PS1),test-317f45,9,True
Two Agent Resource (PS1),test-bc6db5,28,True
Two Agent Resource (PS1),test-f29589,17,True
Two Agent Resource (PS1),test-677c27,16,True
Two Agent Resource (PS1),test-8ce01b,10,True
Two Agent Resource (PS1),test-46ee0b,16,True
Two Agent Resource (PS1),test-7c8753,8,True
Two Agent Resource (PS1),test-8a732e,9,True
Two Agent Resource (PS1),test-a7d9a6,8,True
Invite Third Party (PS3),test-db348f,10,True
Search For Resource (PS2),test-bf2ab9,36,True
Invite Third Party (PS3),test-547aeb,14,True
Invite Third Party (PS3),test-df17b5,19,True
Invite Third Party (PS3),test-7ee0db,19,True
Invite Third Party (PS3),test-034705,25,True
Invite Third Party (PS3),test-bb1791,37,True
Search For Resource (PS2),test-8c81a7,62,True
Invite Third Party (PS3),test-d7a8f3,44,True
Search For Resource (PS2),test-106a59,73,True
Search For Resource (PS2),test-18e326,81,True
Search For Resource (PS2),test-330fe7,94,True
Search For Resource (PS2),test-1730e7,93,True
Search For Resource (PS2),test-7adc99,150,False
Invite Third Party (PS3),test-249186,75,True
Search For Resource (PS2),test-1ba186,150,False
Search For Resource (PS2),test-885d86,116,True
Invite Third Party (PS3),test-335c3c,88,True
Invite Third Party (PS3),test-886862,97,True
Search For Resource (PS2),test-4d937a,150,False
